npoints,nthreads,Среднее время (с),Ускорение (S),Эффективность (E)
500,2,0.6373752,1.1065648616387962,0.5532824308193981
1000,2,2.1167141,1.3492390871303783,0.6746195435651892
2000,2,9.447420300000001,1.2752502077207257,0.6376251038603629
