npoints,nthreads,Среднее время (с),Ускорение (S),Эффективность (E)
500,64,0.0803871,5.4180832496756315,0.08465755077618174
1000,64,0.3126548,3.9134975698438015,0.0611483995288094
2000,64,1.5211913000000001,3.306832349093766,0.05166925545459009
