npoints,nthreads,Среднее время (с),Ускорение (S),Эффективность (E)
500,2,0.3557717,1.2242232870124294,0.6121116435062147
1000,2,0.906748,1.3494088765566616,0.6747044382783308
2000,2,3.7364138999999996,1.346297475234208,0.673148737617104
