npoints,nthreads,Среднее время (с),Ускорение (S),Эффективность (E)
500,8,0.11489640000000001,3.790754105437594,0.47384426317969924
1000,8,0.4458767,2.7441976672026143,0.3430247084003268
2000,8,1.8869874,2.66579660256343,0.33322457532042876
