npoints,nthreads,Среднее время (с),Ускорение (S),Эффективность (E)
500,1,0.7052970000000001,-,-
1000,1,2.8559534,-,-
2000,1,12.047824700000001,-,-
