npoints,nthreads,Среднее время (с),Ускорение (S),Эффективность (E)
500,8,0.4064813,1.7351277906265308,0.21689097382831635
1000,8,1.6401416000000002,1.7412846549346714,0.21766058186683393
2000,8,6.511525300000001,1.8502308053690586,0.23127885067113232
