npoints,nthreads,Среднее время (с),Ускорение (S),Эффективность (E)
500,20,0.4221146,1.6708661581475743,0.08354330790737871
1000,20,1.4374527,1.9868155661748037,0.09934077830874019
2000,20,6.15029,1.9589035151187995,0.09794517575593997
