npoints,nthreads,Среднее время (с),Ускорение (S),Эффективность (E)
500,20,0.0852396,5.109643874443334,0.2554821937221667
1000,20,0.3303143,3.704271356099327,0.18521356780496634
2000,20,1.2895888,3.9007198263508496,0.19503599131754248
